ALTER SESSION SET NLS_LANGUAGE='AMERICAN';
ALTER SESSION SET NLS_DATE_FORMAT='DD-MON-YYYY HH24:MI';

--PERSON
INSERT INTO PERSON VALUES('640381234','LEWIS','HARLEM','07-MAY-1991','M',NULL,NULL,'TARRANT'); 
INSERT INTO PERSON VALUES('433724532','CASEY','SMITH','19-JAN-1995','M',NULL,'EMERSON ROAD','ALEXANDRIA'); 
INSERT INTO PERSON VALUES('284092318','BILL','MCCRACKEN','23-JAN-1976','M',NULL,'CARRIAGE LANE','TOLEDO'); 
INSERT INTO PERSON VALUES('342098231','CHARLES','ARGENTO',NULL,'M','713-225-5050','NORTH LOOP WEST','HOUSTON');
INSERT INTO PERSON VALUES('543098123','JASPER','RAY','25-AUG-1980','M',NULL,NULL,'BEXAR'); 
INSERT INTO PERSON VALUES('432789120','KEVIN','ADAMS','23-SEP-1968','M',NULL,NULL,'PENNSAUKEN');
INSERT INTO PERSON VALUES('954368128','MICHAEL','GRACZYK','12-JUL-1950','M',NULL,NULL,'HOUSTON');
INSERT INTO PERSON VALUES('439058712','CODY','STARK','19-DEC-67','M',NULL,NULL,'TARRANT');
INSERT INTO PERSON VALUES('546781209','MICHELLE','CASADY','20-OCT-1970','W',NULL,NULL,'BELL');
INSERT INTO PERSON VALUES('543893990','EARL','DILLON','28-APR-1956','W',NULL,NULL,'BEXAR');
INSERT INTO PERSON VALUES('932487123','TOLLIVER','CHRISTOPHER','06-APR-1992','M',NULL,NULL,'HARRIS');
INSERT INTO PERSON VALUES('432809785','TERRY','BARLOW','01-JAN-1960','M','817-888-8888','EAST WEATHERFORD ST.','FORT WORTH');
INSERT INTO PERSON VALUES('453239788','TORRES','JONATHAN','08-NOV-1988','M',NULL,NULL,'FRIO');
INSERT INTO PERSON VALUES('871342943','EDUARDO','SOLIS','23-APR-1977','M','915-544-1818','WYOMING AVE','EL PASO');
INSERT INTO PERSON VALUES('132549233','WARREN','NEIL','30-NOV-1976','M','972-960-9040','CENTRAL EXPY STE','DALLAS');
INSERT INTO PERSON VALUES('432908322','SAMUEL','ADAMO','06-MAY-1946','M','713-237-8380','TRAVIS ST. FL','HOUSTON');
INSERT INTO PERSON VALUES('543869832','ANIBAL','ALANIZ','06-MAY-1965','M','956-618-8010','W BUSINESS HIGHWAY','MCALLEN');
INSERT INTO PERSON VALUES('544234567','SINDHU','ALEXANDER','23-OCT-1973','M','214-468-9187','N.CENTRAL EXPWY','DALLAS');
INSERT INTO PERSON VALUES('543908794','KATHLEEN','ANDERSON','15-AUG-1967','W','512-581-9099','WATER ST.','BASTROP');
INSERT INTO PERSON VALUES('767565455','SUSAN','ANDERSON','15-SEP-1969','W','214-649-4090','MAPLE,SUITE','DALLAS');
INSERT INTO PERSON VALUES('875646578','BRUCE','ANTON','23-DEC-1955','M','214-468-8100','CEDAR SPRINGS RD.','DALLAS');
INSERT INTO PERSON VALUES('243212344','GEORGE','ARISTOTELIDIS','10-JAN-1966','M','210-277-1906','SOUTH ST.MARY''S STREET','SAN ANTONIO');
INSERT INTO PERSON VALUES('129435498','DONALD','BAILEY','20-APR-1960','M','903-892-9185','WILLOW ST.','SHERMAN');
INSERT INTO PERSON VALUES('343221304','HEATHER','BARBIERI','27-FEB-1972','W','972-424-1902','GABLES COURT','PLANO');
INSERT INTO PERSON VALUES('848542344','SAMUEL','BASSETT','28-MAY-1963','M','512-476-4873','GUADALUPE ST.','AUSTIN');
INSERT INTO PERSON VALUES('543985433','ROBERT','BELL','31-DEC-1948','M','361-782-7178','MAIN RM','EDNA');
INSERT INTO PERSON VALUES('785498543','VILLEGAS','JOSE','14-APR-1975','M',NULL,NULL,'NUECES');
INSERT INTO PERSON VALUES('964618253','TIMOTHY','GONZALEZ','12-JUN-1998','M',NULL,NULL,'NUECES');
INSERT INTO PERSON VALUES('432435434','REGINA','ARTHURS','28-JAN-1950','W',NULL,NULL,'NUECES');
INSERT INTO PERSON VALUES('432435438','FIONA','ARTHURS','30-APR-1977','W',NULL,NULL,'NUECES');
INSERT INTO PERSON VALUES('553443567','AMY','FOYE','24-JUL-1951','W',NULL,NULL,'NUECES');
INSERT INTO PERSON VALUES('547972318','JOHN','SHEPHERD','15-MAY-1978','M',NULL,NULL,'NUECES');
INSERT INTO PERSON VALUES('543082312','HERNANDEZ','RAMIRO','05-OCT-1969','M',NULL,NULL,'BANDERA');
INSERT INTO PERSON VALUES('125492012','TOMMY','SELLS','28-JUN-1964','M',NULL,NULL,'VAL VERDE');
INSERT INTO PERSON VALUES('554117879','ANTHONY','DEWAYNE','16-OCT-1984','M',NULL,NULL,'DALLAS');
INSERT INTO PERSON VALUES('887543120','SUZANNE','BASSO','15-MAY-1954','W',NULL,NULL,'HARRIS');
INSERT INTO PERSON VALUES('487596455','EDGAR','TAMAYO','22-JUL-1967','M',NULL,NULL,'HARRIS');
INSERT INTO PERSON VALUES('859430234','MARTIN','DUANE','28-MAR-1970','M',NULL,NULL,'LEON');
INSERT INTO PERSON VALUES('954386483','JAMIE','MCCOSKEY','05-OCT-1964','M',NULL,NULL,'HARRIS');
INSERT INTO PERSON VALUES('543406565','YOWELL','MICHAEL','25-JAN-1970','M',NULL,NULL,'LUBBOCK');
INSERT INTO PERSON VALUES('340283420','ARTURO','ELEAZAR','27-DEC-1975','M',NULL,NULL,'HIDALGO');
INSERT INTO PERSON VALUES('543465462','ROBERT','GARZA','15-MAY-1982','M',NULL,NULL,'HARRIS');
INSERT INTO PERSON VALUES('543832954','ALAN','DOUGLAS','19-JUN-1958','M',NULL,NULL,'DALLAS');
INSERT INTO PERSON VALUES('984353893','VAUGHN','ROSS','04-SEP-1971','M',NULL,NULL,'LUBBOCK');
INSERT INTO PERSON VALUES('876435965','JOHN','QUINTANILLA','09-DEC-1976','M',NULL,NULL,'VICTORIA');
INSERT INTO PERSON VALUES('231394393','HOPE','AHRENS','26-FEB-1976','W',NULL,NULL,'HARRIS');
INSERT INTO PERSON VALUES('438579120','BERNICE','AHRENS','28-NOV-1943','W',NULL,NULL,'HARRIS');
INSERT INTO PERSON VALUES('650493429','TOBY','SCHMITT','12-JAN-1948','M',NULL,NULL,'KERRVILLE');
INSERT INTO PERSON VALUES('543801293','MARTHA','BRUNO','30-OCT-1956','W',NULL,NULL,'KERRVILLE');
INSERT INTO PERSON VALUES('543897213','JEANNIE','WILSON','23-FEB-1986','W',NULL,NULL,'HARRIS');
INSERT INTO PERSON VALUES('984298939','CHAO','DONGLU','09-DEC-1966','W',NULL,NULL,'DALLAS');
INSERT INTO PERSON VALUES('214432943','BARRY','REED','23-JAN-1939','M',NULL,NULL,'HARRIS');
INSERT INTO PERSON VALUES('657493248','GUY','GADDIS','12-AUG-1970','M',NULL,NULL,'HOUSTON');
INSERT INTO PERSON VALUES('123492378','LESLIE','STEPHEN','30-SEP-1973','W',NULL,NULL,'HUNTSVILLE');
INSERT INTO PERSON VALUES('985421954','MICHAEL','DWYER','31-DEC-1971','M',NULL,NULL,'HOUSTON');
INSERT INTO PERSON VALUES('543983485','DAVID','RHODES','08-JUL-1954','M',NULL,NULL,'MCALLEN');
INSERT INTO PERSON VALUES('658491294','PEDRO','ROJAS','13-APR-1963','M',NULL,NULL,'HOUSTON');
INSERT INTO PERSON VALUES('654120954','ALEJANDRO','KIDD','21-JUN-1968','M',NULL,NULL,'KERRVILLE');
INSERT INTO PERSON VALUES('553245532','SYLVIA','WEED','21-SEP-1966','W',NULL,NULL,'KERRVILLE');
INSERT INTO PERSON VALUES('549823059','RANDALL','BEAMER','01-JAN-1973','M',NULL,NULL,'SAN ANTONIO');
INSERT INTO PERSON VALUES('857235938','KEVIN','REECE','23-OCT-1954','M',NULL,NULL,'HOUSTON');
INSERT INTO PERSON VALUES('654981034','REGENIA','MCGOWAN','01-SEP-1983','W',NULL,NULL,'MILWAUKEE');
INSERT INTO PERSON VALUES('342981209','LONNIE','CANO','4-OCT-1970','M',NULL,NULL,'COLERAINE');
INSERT INTO PERSON VALUES('584923934','ALLAN','TURNER','6-MAY-1969','M',NULL,NULL,'TARRANT');
INSERT INTO PERSON VALUES('854939489','MARIA','ESTRADA','23-DEC-1959','W',NULL,NULL,'HOUSTON');
INSERT INTO PERSON VALUES('483952039','AARON','SMITH','11-DEC-1972','M',NULL,NULL,'RICHMOND');
INSERT INTO PERSON VALUES('589334209','JENKINS','MORRELL','29-AUG-1986','M',NULL,NULL,'HARRIS');
INSERT INTO PERSON VALUES('543892138','VALDEZ','FIDENCIO','30-MAY-1979','M',NULL,NULL,'EL PASO');
INSERT INTO PERSON VALUES('543956273','LEON','PHILLIPS','10-MAR-1971','M',NULL,NULL,'JEFFERSON');
INSERT INTO PERSON VALUES('847493843','ALLEN','CEDRIC','07-SEP-1974','M',NULL,NULL,'TARRANT');
INSERT INTO PERSON VALUES('238574932','JUAN','BALDERAS','02-SEP-1986','M',NULL,NULL,'HARRIS');
INSERT INTO PERSON VALUES('547894370','ANGEL','MARSHALL','01-OCT-1987','W',NULL,NULL,'GATESVILLE');
INSERT INTO PERSON VALUES('659487454','DANIEL','BRANDON','11-NOV-1987','M',NULL,NULL,'TRAVIS');
INSERT INTO PERSON VALUES('594763455','GEORGE','THOMAS','18-NOV-1966','M',NULL,NULL,'HARRIS');
INSERT INTO PERSON VALUES('120954482','JAMES','HARRIS','07-AUG-1959','M',NULL,NULL,'BRAZORIA');
INSERT INTO PERSON VALUES('548392393','DANIEL','BENGTSON','27-OCT-1971','M','713-256-8942','PATTERSON STREET','HOUSTON');
INSERT INTO PERSON VALUES('213982139','JAMES','RICHARDSON','30-JUN-1980','M','210-436-7273','WEEKLEY STREET','SAN ANTONIO');
INSERT INTO PERSON VALUES('548921039','TERRY','FITCH','18-SEP-1984','M','972-652-7648','WORTHINGTON DRIVE','IRVING');
INSERT INTO PERSON VALUES('843791238','ANTHONY','ALSTON','27-MAR-1987','M','210-621-4861','FIDLER DRIVE','SAN ANTONIO');
INSERT INTO PERSON VALUES('543813095','LEON','WILLIAMS','16-MAR-1983','M','915-792-0420','BIRCH STREET','EL PASO');
INSERT INTO PERSON VALUES('123904239','CHARLIE','BROWN','24-OCT-1989','M','214-338-7975','ERSEL STREET','FRISCO');
INSERT INTO PERSON VALUES('199821948','ANDRES','SMITH','08-FEB-1985','M','806-352-3019','HILLTOP DRIVE','AMARILLO');
INSERT INTO PERSON VALUES('666437632','WILLIAM','GOUIN','12-NOV-1984','M','512-545-3037','ASHTON LANE','AUSTIN');
INSERT INTO PERSON VALUES('543877289','ARCHIE','BARLOW','19-OCT-1984','M','806-262-5288','HILLTOP DRIVE','FIELDTON');
INSERT INTO PERSON VALUES('445402349','MCKINLEY','DUNLAP','06-MAR-1975','M','281-237-4179','PAYNE STREET','KATY');
INSERT INTO PERSON VALUES('884393290','DONNIE','RODRIGUEZ','26-NOV-1964','M','512-402-6196','BUBBY DRIVE','AUSTIN');
INSERT INTO PERSON VALUES('834909322','MARK','OWEN','24-APR-1989','M','903-365-3315','PICKENS WAY','DOUGLASSVILLE');
INSERT INTO PERSON VALUES('854398099','ALBERT','WEBB','25-SEP-1984','M','214-377-5966','ERSEL STREET','DALLAS');
INSERT INTO PERSON VALUES('463019439','MARK','DAVIS','16-MAR-1991','M','830-904-8599','PARRISH AVENUE','SMITHSONS');
INSERT INTO PERSON VALUES('459965303','SETH','DUPREE','03-AUG-1988','M','936-366-6368','WOODROW WAY','MADISONVILLE');
INSERT INTO PERSON VALUES('549673284','RODNEY','DENNIS','22-SEP-1978','M','281-296-4834','RICHLAND AVENUE','SPRING');
INSERT INTO PERSON VALUES('893889284','MICHAEL','SCOTT','13-DEC-1973','M','281-316-4082','RICHLAND AVENUE','LEAGUE CITY');
INSERT INTO PERSON VALUES('893245554','TARA','ELLIS','27-JUN-1999','W','361-366-0212','WASHINGTON STREET','CORPUS CHRISTI');
INSERT INTO PERSON VALUES('685884763','JAMES','WATERS','16-SEP-1991','M','972-402-1822','WHISPERING PINES CIRCLE','IRVING');
INSERT INTO PERSON VALUES('114324399','SHIRLEY','WHITE','24-JUN-1998','W','903-890-1243','GRANT STREET','MUENSTER');

--OFFENDER
INSERT INTO OFFENDER VALUES('640381234','HARRIS','BROWN','BLACK',NULL,'BLACK');
INSERT INTO OFFENDER VALUES('543098123','NETHERLANDS','BROWN','BLACK',8,'BLACK');
INSERT INTO OFFENDER VALUES('932487123','CLAY','BLUE','BLACK',NULL,'WHITE');
INSERT INTO OFFENDER VALUES('453239788','LAVACA','GREEN','BLACK',7,'HISPANIC');
INSERT INTO OFFENDER VALUES('785498543','NUECES','BROWN','BLACK',9,'HISPANIC');
INSERT INTO OFFENDER VALUES('543082312','TAMAULIPAS','BROWN','BLACK',4,'HISPANIC');
INSERT INTO OFFENDER VALUES('125492012','ALAMEDA','HAZEL','BROWN',8,'WHITE');
INSERT INTO OFFENDER VALUES('554117879','DALLAS','BROWN','BLACK',10,'BLACK');
INSERT INTO OFFENDER VALUES('887543120','ALBANY','BLUE','GREY',12,'WHITE');
INSERT INTO OFFENDER VALUES('487596455','MEXICO','BROWN','BLACK',NULL,'HISPANIC');
INSERT INTO OFFENDER VALUES('859430234','COLLIN','BROWN','BROWN',10,'WHITE');
INSERT INTO OFFENDER VALUES('954386483','DALLAS','BLUE','BLONDE',9,'WHITE');
INSERT INTO OFFENDER VALUES('543406565','LUBBOCK','HAZEL','BROWN',12,'WHITE');
INSERT INTO OFFENDER VALUES('340283420','HIDALGO','BROWN','BLACK',7,'HISPANIC');
INSERT INTO OFFENDER VALUES('543465462','HIDALGO','BROWN','BLACK',8,'HISPANIC');
INSERT INTO OFFENDER VALUES('543832954','DALLAS','BLUE','BLACK',12,'WHITE');
INSERT INTO OFFENDER VALUES('984353893','SAINT LOUIS','BROWN','BLACK',12,'BLACK');
INSERT INTO OFFENDER VALUES('876435965','CALHOUN','BROWN','BLACK',8,'HISPANIC');
INSERT INTO OFFENDER VALUES('231394393','HARRIS','GREEN','BROWN',6,'WHITE');
INSERT INTO OFFENDER VALUES('438579120','HARRIS','BLUE','BLONDE',NULL,'WHITE');
INSERT INTO OFFENDER VALUES('483952039','LAVACA','GREEN','BLACK',8,'WHITE');
INSERT INTO OFFENDER VALUES('589334209','NUECES','BROWN','BLACK',6,'BLACK');
INSERT INTO OFFENDER VALUES('543892138','EL PASO','BROWN','BLACK',NULL,'HISPANIC');
INSERT INTO OFFENDER VALUES('543956273','CLAY','HAZEL','BLONDE',NULL,'WHITE');
INSERT INTO OFFENDER VALUES('847493843','COOK','BROWN','BLACK',12,'BLACK');
INSERT INTO OFFENDER VALUES('238574932','HARRIS','BROWN','BLACK',12,'HISPANIC');
INSERT INTO OFFENDER VALUES('547894370','MEXICO','BROWN','BROWN',8,'BLACK');
INSERT INTO OFFENDER VALUES('659487454','SEDGEWICK','BROWN','BLACK',NULL,'WHITE');
INSERT INTO OFFENDER VALUES('594763455','QUEENS','BROWN','BLACK',12,'BLACK');
INSERT INTO OFFENDER VALUES('120954482','WHARTON','BROWN','BLACK',12,'BLACK');

--LAWYER
INSERT INTO LAWYER VALUES('342098231',01301750,'E','www.ArgentoLawfirm.com','11-OCT-1988');
INSERT INTO LAWYER VALUES('432809785',01758300,'I','dunhamlaw.com','05-SEP-1986');
INSERT INTO LAWYER VALUES('871342943',00785012,'E',NULL,'11-JUN-1992');
INSERT INTO LAWYER VALUES('132549233',00824800,'E','www.warrenabramsattorney.com','13-MAY-1983');
INSERT INTO LAWYER VALUES('432908322',00847000,'E','www.samadamolaw.com','13-DEC-1971');
INSERT INTO LAWYER VALUES('543869832',00966600,'E',NULL,'11-FEB-1990');
INSERT INTO LAWYER VALUES('544234567',24006748,'I','www.lonestarjustice.net','11-JUN-1998');
INSERT INTO LAWYER VALUES('543908794',00789122,'E',NULL,'06-MAY-1994');
INSERT INTO LAWYER VALUES('767565455',00794941,'E',NULL,'11-NOV-1995');
INSERT INTO LAWYER VALUES('875646578',01274700,'E','www.sualaw.com','12-NOV-1979');
INSERT INTO LAWYER VALUES('243212344',00783557,'E','sacrimlaw.com','06-NOV-1992');
INSERT INTO LAWYER VALUES('129435498',01520480,'E','www.habeaslawyer.net','01-NOV-1991');
INSERT INTO LAWYER VALUES('343221304',24007298,'E','www.barbierilawfirm.com','06-JAN-1998');
INSERT INTO LAWYER VALUES('848542344',01894100,'E','www.mbfc.com','10-OCT-1988');
INSERT INTO LAWYER VALUES('543985433',02086200,'I',NULL,'24-SEP-1973');

--REGISTRATION
INSERT INTO REGISTRATION VALUES(999595,'640381234','08-AUG-2014','5''07"',190,'DRW',NULL);
INSERT INTO REGISTRATION VALUES(999341,'543098123','02-APR-2000','5''9"',139,'DRW',NULL);
INSERT INTO REGISTRATION VALUES(1752766,'932487123','07-NOV-2011','5''6"',160,'STD',NULL);
INSERT INTO REGISTRATION VALUES(1752767,'453239788','11-NOV-2011','6''02"',180,'STD',NULL);
INSERT INTO REGISTRATION VALUES(999417,'785498543','21-MAY-2002','5''7"',186,'DRW',NULL);
INSERT INTO REGISTRATION VALUES(999342,'543082312','11-FEB-2000','5''2"',190,'DRW',NULL);
INSERT INTO REGISTRATION VALUES(999367,'125492012','08-NOV-2000','5''9"',195,'DRW',NULL);
INSERT INTO REGISTRATION VALUES(999478,'554117879','28-MAY-2004','5''07"',182,'DRW',NULL);
INSERT INTO REGISTRATION VALUES(999329,'887543120','28-OCT-1999','5''2"',141,'DRW',NULL);
INSERT INTO REGISTRATION VALUES(999130,'487596455','18-NOV-1994','5''8"',175,'DRW',NULL);
INSERT INTO REGISTRATION VALUES(999552,'859430234','17-FEB-2009','5''9"',169,'DRW',NULL);
INSERT INTO REGISTRATION VALUES(999053,'954386483','05-MAR-1993','6''4"',204,'DRW',NULL);
INSERT INTO REGISTRATION VALUES(999334,'543406565','23-NOV-1999','5''9"',188,'DRW',NULL);
INSERT INTO REGISTRATION VALUES(999345,'340283420','20-FEB-2000','5''8"',200,'DRW',NULL);
INSERT INTO REGISTRATION VALUES(999466,'543465462','18-DEC-2003','5''07"',147,'DRW',NULL);
INSERT INTO REGISTRATION VALUES(999326,'543832954','22-SEP-1999','5''6"',198,'DRW',NULL);
INSERT INTO REGISTRATION VALUES(999429,'984353893','01-OCT-2002','5''6"',150,'DRW',NULL);
INSERT INTO REGISTRATION VALUES(999491,'876435965','08-DEC-2004','5''08"',153,'DRW',NULL);
INSERT INTO REGISTRATION VALUES(6198989,'231394393','28-OCT-1999','5''2"',160,'STD',NULL);
INSERT INTO REGISTRATION VALUES(875450,'438579120','28-OCT-1999','5''1"',150,'STD',NULL);
INSERT INTO REGISTRATION VALUES(658478,'483952039','26-JAN-1994','5''7"',185,'LFT',NULL);
INSERT INTO REGISTRATION VALUES(1658711,'589334209','23-JUL-2010','6''03"',195,'STD',NULL);
INSERT INTO REGISTRATION VALUES(999594,'543892138','24-JUL-2014','6''01"',231,'DRW',NULL);
INSERT INTO REGISTRATION VALUES(1800950,'543956273','08-AUG-2012','5''5"',140,'LFT',NULL);
INSERT INTO REGISTRATION VALUES(999593,'847493843','19-MAY-2014','5''07"',172,'DRW',NULL);
INSERT INTO REGISTRATION VALUES(999590,'238574932','25-MAR-2014','5''07"',160,'DRW',NULL);
INSERT INTO REGISTRATION VALUES(1654446,'547894370','16-MAY-2014','5''00"',139,'STD',NULL);
INSERT INTO REGISTRATION VALUES(999589,'659487454','07-MAR-2014','5''03"',201,'DRW',NULL);
INSERT INTO REGISTRATION VALUES(999588,'594763455','03-MAR-2014','6''03"',240,'DRW',NULL);
INSERT INTO REGISTRATION VALUES(999587,'120954482','19-DEC-2013','5''10"',234,'DRW',NULL);

--OFFENSE
INSERT INTO OFFENSE VALUES(NULL,'HOMICIDE','24-DEC-2012','HARRIS');
INSERT INTO OFFENSE VALUES(NULL,'HOMICIDE','29-NOV-1998','SAN ANTONIO');
INSERT INTO OFFENSE VALUES(NULL,'ROBBERY','13-MAY-2010','HARRIS');
INSERT INTO OFFENSE VALUES(NULL,'AGG.ROBBERY','09-DEC-2010','HARRIS');
INSERT INTO OFFENSE VALUES(NULL,'AGG.ROBBERY','20-DEC-2010','HARRIS');
INSERT INTO OFFENSE VALUES(NULL,'ROBBERY','20-NOV-2010','HARRIS');
INSERT INTO OFFENSE VALUES(NULL,'HOMICIDE','22-JAN-2001','NUECES');
INSERT INTO OFFENSE VALUES(NULL,'HOMICIDE','15-OCT-1997','KERRVILLE');
INSERT INTO OFFENSE VALUES(NULL,'HOMICIDE','16-JAN-2003','DALLAS');
INSERT INTO OFFENSE VALUES(NULL,'HOMICIDE','26-AUG-1998','HARRIS');
INSERT INTO OFFENSE VALUES(NULL,'HOMICIDE','31-JAN-1994','HOUSTON');
INSERT INTO OFFENSE VALUES(NULL,'HOMICIDE','24-SEP-2007','HUNTSVILLE');
INSERT INTO OFFENSE VALUES(NULL,'HOMICIDE','13-NOV-1991','HOUSTON');
INSERT INTO OFFENSE VALUES(NULL,'HOMICIDE','19-MAY-1998','LUBBOCK');
INSERT INTO OFFENSE VALUES(NULL,'HOMICIDE','03-APR-1999','MCALLEN');
INSERT INTO OFFENSE VALUES(NULL,'HOMICIDE','05-SEP-2003','HIDALGO');
INSERT INTO OFFENSE VALUES(NULL,'HOMICIDE','24-AUG-1998','PLANO');
INSERT INTO OFFENSE VALUES(NULL,'HOMICIDE','31-JAN-2001','LUBBOCK');
INSERT INTO OFFENSE VALUES(NULL,'HOMICIDE','24-NOV-2002','VICTORIA');

--COMMITTED
INSERT INTO COMMITTED VALUES(999595,1,'EXECUTOR',8888,88,88);
INSERT INTO COMMITTED VALUES(999341,2,'EXECUTOR',8888,88,88);
INSERT INTO COMMITTED VALUES(1752766,3,'EXECUTOR',15,NULL,NULL);
INSERT INTO COMMITTED VALUES(1752766,4,'EXECUTOR',15,NULL,NULL);
INSERT INTO COMMITTED VALUES(1752766,5,'EXECUTOR',15,NULL,NULL);
INSERT INTO COMMITTED VALUES(1752767,6,'EXECUTOR',5,NULL,NULL);
INSERT INTO COMMITTED VALUES(999417,7,'EXECUTOR',8888,88,88);
INSERT INTO COMMITTED VALUES(999342,8,'EXECUTOR',8888,88,88);
INSERT INTO COMMITTED VALUES(999367,9,'EXECUTOR',8888,88,88);
INSERT INTO COMMITTED VALUES(999478,10,'EXECUTOR',8888,88,88);
INSERT INTO COMMITTED VALUES(999329,11,'LEADER',8888,88,88);
INSERT INTO COMMITTED VALUES(6198989,11,'CO-DEFANDANT',20,NULL,NULL);
INSERT INTO COMMITTED VALUES(875450,11,'CO-DEFANDANT',80,NULL,NULL);
INSERT INTO COMMITTED VALUES(999130,12,'EXECUTOR',8888,88,88);
INSERT INTO COMMITTED VALUES(999552,13,'EXECUTOR',8888,88,88);
INSERT INTO COMMITTED VALUES(999053,14,'EXECUTOR',8888,88,88);
INSERT INTO COMMITTED VALUES(999334,15,'EXECUTOR',8888,88,88);
INSERT INTO COMMITTED VALUES(999345,16,'EXECUTOR',8888,88,88);
INSERT INTO COMMITTED VALUES(999466,17,'EXECUTOR',8888,88,88);
INSERT INTO COMMITTED VALUES(999326,18,'EXECUTOR',8888,88,88);
INSERT INTO COMMITTED VALUES(999429,19,'EXECUTOR',8888,88,88);
INSERT INTO COMMITTED VALUES(999491,20,'EXECUTOR',8888,88,88);


--CRIMINAL_HOMICIDE
INSERT INTO CRIMINAL_HOMICIDE VALUES(1,NULL,'CMDR',2);
INSERT INTO CRIMINAL_HOMICIDE VALUES(2,NULL,'CMDR',1);
INSERT INTO CRIMINAL_HOMICIDE VALUES(7,'KNIFE','CMDR',2);
INSERT INTO CRIMINAL_HOMICIDE VALUES(8,'METAL BAR','CMDR',2);
INSERT INTO CRIMINAL_HOMICIDE VALUES(9,NULL,'CMDR',1);
INSERT INTO CRIMINAL_HOMICIDE VALUES(10,'BASEBALL BAT','CMDR',1);
INSERT INTO CRIMINAL_HOMICIDE VALUES(11,NULL,'CMDR',1);
INSERT INTO CRIMINAL_HOMICIDE VALUES(12,'PISTOL','CMDR',1);
INSERT INTO CRIMINAL_HOMICIDE VALUES(13,NULL,'CMDR',1);
INSERT INTO CRIMINAL_HOMICIDE VALUES(14,NULL,'CMDR',1);
INSERT INTO CRIMINAL_HOMICIDE VALUES(15,NULL,'CMDR',3);
INSERT INTO CRIMINAL_HOMICIDE VALUES(16,'KNIFE','CMDR',1);
INSERT INTO CRIMINAL_HOMICIDE VALUES(17,NULL,'CMDR',4);
INSERT INTO CRIMINAL_HOMICIDE VALUES(18,'9-MM PISTOL','CMDR',2);
INSERT INTO CRIMINAL_HOMICIDE VALUES(19,NULL,'CMDR',2);
INSERT INTO CRIMINAL_HOMICIDE VALUES(20,NULL,'CMDR',2);

--VICTIM
INSERT INTO VICTIM VALUES('433724532',1,'WHITE');
INSERT INTO VICTIM VALUES('284092318',1,'WHITE');
INSERT INTO VICTIM VALUES('432789120',2,'WHITE');
INSERT INTO VICTIM VALUES('964618253',7,'HISPANIC');
INSERT INTO VICTIM VALUES('432435434',7,'HISPANIC');
INSERT INTO VICTIM VALUES('432435438',7,'HISPANIC');
INSERT INTO VICTIM VALUES('650493429',8,'WHITE');
INSERT INTO VICTIM VALUES('543801293',8,'HISPANIC');
INSERT INTO VICTIM VALUES('543897213',9,'WHITE');
INSERT INTO VICTIM VALUES('984298939',10,'HISPANIC');
INSERT INTO VICTIM VALUES('214432943',11,'WHITE');
INSERT INTO VICTIM VALUES('657493248',12,'WHITE');
INSERT INTO VICTIM VALUES('123492378',13,'WHITE');
INSERT INTO VICTIM VALUES('985421954',14,'WHITE');
INSERT INTO VICTIM VALUES('543983485',16,'WHITE');

--VISIT
INSERT INTO VISIT VALUES(999595,'10-SEP-2014-16:00','10-SEP-2014-17:00');
INSERT INTO VISIT VALUES(1752766,'10-SEP-2014-12:20','10-SEP-2014-13:00');
INSERT INTO VISIT VALUES(999594,'11-SEP-2014-18:15','11-SEP-2014-18:55');
INSERT INTO VISIT VALUES(1654446,'11-SEP-2014-16:00','11-SEP-2014-17:00');
INSERT INTO VISIT VALUES(999595,'17-SEP-2014-15:30','17-SEP-2014-16:30');
INSERT INTO VISIT VALUES(1800950,'10-SEP-2014-11:00','10-SEP-2014-11:40');
INSERT INTO VISIT VALUES(999587,'13-SEP-2014-13:40','13-SEP-2014-14:20');
INSERT INTO VISIT VALUES(999588,'13-SEP-2014-16:00','13-SEP-2014-17:00');
INSERT INTO VISIT VALUES(6198989,'14-SEP-2014-14:00','14-SEP-2014-14:20');
INSERT INTO VISIT VALUES(875450,'10-SEP-2014-19:00','10-SEP-2014-19:30');
INSERT INTO VISIT VALUES(658478,'16-SEP-2014-11:30','16-SEP-2014-12:10');
INSERT INTO VISIT VALUES(999594,'20-SEP-2014-16:00','20-SEP-2014-17:00');
INSERT INTO VISIT VALUES(1800950,'18-SEP-2014-15:20','18-SEP-2014-15:50');
INSERT INTO VISIT VALUES(658478,'23-SEP-2014-18:30','23-SEP-2014-19:10');
INSERT INTO VISIT VALUES(999595,'24-SEP-2014-14:40','24-SEP-2014-15:00');

--VISITOR
INSERT INTO VISITOR VALUES(342098231,NULL);
INSERT INTO VISITOR VALUES(549673284,NULL);
INSERT INTO VISITOR VALUES(893889284,NULL);
INSERT INTO VISITOR VALUES(893245554,NULL);
INSERT INTO VISITOR VALUES(685884763,NULL);
INSERT INTO VISITOR VALUES(114324399,NULL);
INSERT INTO VISITOR VALUES(543908794,NULL);
INSERT INTO VISITOR VALUES(544234567,NULL);
INSERT INTO VISITOR VALUES(848542344,NULL);
INSERT INTO VISITOR VALUES(543985433,NULL);
INSERT INTO VISITOR VALUES(343221304,NULL);
INSERT INTO VISITOR VALUES(432908322,NULL);
INSERT INTO VISITOR VALUES(129435498,NULL);
INSERT INTO VISITOR VALUES(243212344,NULL);
INSERT INTO VISITOR VALUES(432809785,NULL);

--WITH_VIS
INSERT INTO WITH_VIS VALUES(999595,'10-SEP-2014-16:00',342098231);
INSERT INTO WITH_VIS VALUES(1752766,'10-SEP-2014-12:20',549673284);
INSERT INTO WITH_VIS VALUES(1752766,'10-SEP-2014-12:20',114324399);
INSERT INTO WITH_VIS VALUES(999594,'11-SEP-2014-18:15',543908794);
INSERT INTO WITH_VIS VALUES(1654446,'11-SEP-2014-16:00',893889284);
INSERT INTO WITH_VIS VALUES(1654446,'11-SEP-2014-16:00',893245554);
INSERT INTO WITH_VIS VALUES(999595,'17-SEP-2014-15:30',342098231);
INSERT INTO WITH_VIS VALUES(1800950,'10-SEP-2014-11:00',685884763);
INSERT INTO WITH_VIS VALUES(999587,'13-SEP-2014-13:40',544234567);
INSERT INTO WITH_VIS VALUES(999588,'13-SEP-2014-16:00',848542344);
INSERT INTO WITH_VIS VALUES(6198989,'14-SEP-2014-14:00',543985433);
INSERT INTO WITH_VIS VALUES(875450,'10-SEP-2014-19:00',343221304);
INSERT INTO WITH_VIS VALUES(658478,'16-SEP-2014-11:30',432908322);
INSERT INTO WITH_VIS VALUES(999594,'20-SEP-2014-16:00',543908794);
INSERT INTO WITH_VIS VALUES(1800950,'18-SEP-2014-15:20',129435498);
INSERT INTO WITH_VIS VALUES(658478,'23-SEP-2014-18:30',432908322);
INSERT INTO WITH_VIS VALUES(999595,'24-SEP-2014-14:40',342098231);

--PROTECT
INSERT INTO PROTECT VALUES('342098231',999595,'08-AUG-2014',NULL);
INSERT INTO PROTECT VALUES('432809785',1752766,'07-NOV-2011',NULL);
INSERT INTO PROTECT VALUES('243212344',1752767,'11-NOV-2011',NULL);
INSERT INTO PROTECT VALUES('543985433',6198989,'28-OCT-1999',NULL);
INSERT INTO PROTECT VALUES('343221304',875450,'28-OCT-1999',NULL);
INSERT INTO PROTECT VALUES('432908322',658478,'26-JAN-1994',NULL);
INSERT INTO PROTECT VALUES('767565455',1658711,'23-JUL-2010',NULL);
INSERT INTO PROTECT VALUES('543908794',999594,'24-JUL-2014',NULL);
INSERT INTO PROTECT VALUES('129435498',1800950,'08-AUG-2012',NULL);
INSERT INTO PROTECT VALUES('875646578',999593,'19-MAY-2014',NULL);
INSERT INTO PROTECT VALUES('871342943',999590,'25-MAR-2014',NULL);
INSERT INTO PROTECT VALUES('132549233',1654446,'16-MAY-2014',NULL);
INSERT INTO PROTECT VALUES('543869832',999589,'07-MAR-2014',NULL);
INSERT INTO PROTECT VALUES('848542344',999588,'03-MAR-2014',NULL);
INSERT INTO PROTECT VALUES('544234567',999587,'19-DEC-2013',NULL);

--SECTION
INSERT INTO SECTION VALUES('STD',4);
INSERT INTO SECTION VALUES('ADMS',1);
INSERT INTO SECTION VALUES('DRW',1);

--CELL
DECLARE
 I NUMBER;
 BEGIN
 FOR I IN 1..15 LOOP
 INSERT INTO CELL VALUES('STD',I,4);
 INSERT INTO CELL VALUES('ADMS',I,1);
 INSERT INTO CELL VALUES('DRW',I,1);
 END LOOP;
 END;

--AGENT
INSERT INTO AGENT VALUES(548392393,NULL);
INSERT INTO AGENT VALUES(213982139,NULL);
INSERT INTO AGENT VALUES(548921039,NULL);
INSERT INTO AGENT VALUES(843791238,NULL);
INSERT INTO AGENT VALUES(543813095,NULL);
INSERT INTO AGENT VALUES(123904239,NULL);
INSERT INTO AGENT VALUES(199821948,NULL);
INSERT INTO AGENT VALUES(666437632,NULL);
INSERT INTO AGENT VALUES(543877289,NULL);
INSERT INTO AGENT VALUES(445402349,NULL);
INSERT INTO AGENT VALUES(884393290,NULL);
INSERT INTO AGENT VALUES(834909322,NULL);
INSERT INTO AGENT VALUES(854398099,NULL);
INSERT INTO AGENT VALUES(463019439,NULL);
INSERT INTO AGENT VALUES(459965303,NULL);

--TURN
INSERT INTO TURN VALUES(1,TO_DATE('00.00','HH24.MI'),TO_DATE('05.59','HH24.MI'));
INSERT INTO TURN VALUES(2,TO_DATE('06.00','HH24.MI'),TO_DATE('11.59','HH24.MI'));
INSERT INTO TURN VALUES(3,TO_DATE('12.00','HH24.MI'),TO_DATE('17.59','HH24.MI'));
INSERT INTO TURN VALUES(4,TO_DATE('18.00','HH24.MI'),TO_DATE('23.59','HH24.MI'));

--MONITOR
INSERT INTO MONITOR VALUES(548392393,1,'DRW','01-SEP-2014');
INSERT INTO MONITOR VALUES(213982139,1,'STD','01-SEP-2014');
INSERT INTO MONITOR VALUES(548921039,1,'ADMS','01-SEP-2014');
INSERT INTO MONITOR VALUES(843791238,1,'DRW','01-SEP-2014');
INSERT INTO MONITOR VALUES(543813095,1,'ADMS','01-SEP-2014');
INSERT INTO MONITOR VALUES(123904239,1,'STD','01-SEP-2014');
INSERT INTO MONITOR VALUES(199821948,2,'DRW','01-SEP-2014');
INSERT INTO MONITOR VALUES(666437632,2,'DRW','01-SEP-2014');
INSERT INTO MONITOR VALUES(543877289,2,'STD','01-SEP-2014');
INSERT INTO MONITOR VALUES(445402349,2,'ADMS','01-SEP-2014');
INSERT INTO MONITOR VALUES(884393290,3,'STD','01-SEP-2014');
INSERT INTO MONITOR VALUES(834909322,3,'DRW','01-SEP-2014');
INSERT INTO MONITOR VALUES(854398099,3,'DRW','01-SEP-2014');
INSERT INTO MONITOR VALUES(463019439,4,'DRW','01-SEP-2014');
INSERT INTO MONITOR VALUES(459965303,4,'ADMS','01-SEP-2014');

--SCHEDULED EXECUTIONS
INSERT INTO SCHED_EXEC VALUES(NULL,999341,'19-MAR-2014','LETHAL INJECTION');
INSERT INTO SCHED_EXEC VALUES(NULL,999417,'16-APR-2014','LETHAL INJECTION');
INSERT INTO SCHED_EXEC VALUES(NULL,999342,'09-APR-2014','LETHAL INJECTION');
INSERT INTO SCHED_EXEC VALUES(NULL,999367,'03-APR-2014','LETHAL INJECTION');
INSERT INTO SCHED_EXEC VALUES(NULL,999478,'27-MAR-2014','LETHAL GAS');
INSERT INTO SCHED_EXEC VALUES(NULL,999329,'05-FEB-2014','ELECTROCUTION');
INSERT INTO SCHED_EXEC VALUES(NULL,999130,'22-JAN-2014','LETHAL INJECTION');
INSERT INTO SCHED_EXEC VALUES(NULL,999552,'03-DEC-2013','LETHAL INJECTION');
INSERT INTO SCHED_EXEC VALUES(NULL,999053,'12-NOV-2013','LETHAL INJECTION');
INSERT INTO SCHED_EXEC VALUES(NULL,999334,'09-OCT-2013','LETHAL INJECTION');
INSERT INTO SCHED_EXEC VALUES(NULL,999345,'26-SEP-2013','LETHAL INJECTION');
INSERT INTO SCHED_EXEC VALUES(NULL,999466,'19-SEP-2013','LETHAL INJECTION');
INSERT INTO SCHED_EXEC VALUES(NULL,999326,'31-JUL-2013','ELECTROCUTION');
INSERT INTO SCHED_EXEC VALUES(NULL,999429,'18-JUL-2013','LETHAL INJECTION');
INSERT INTO SCHED_EXEC VALUES(NULL,999491,'16-JUL-2013','LETHAL INJECTION');

--EXECUTED EXECUTIONS
INSERT INTO EXECUTED_EXEC VALUES(515,2,TO_DATE('16.50','HH24.MI'),TO_DATE('17.03','HH24.MI'));
INSERT INTO EXECUTED_EXEC VALUES(514,3,TO_DATE('18.02','HH24.MI'),TO_DATE('18.40','HH24.MI'));
INSERT INTO EXECUTED_EXEC VALUES(513,4,TO_DATE('17.30','HH24.MI'),TO_DATE('17.48','HH24.MI'));
INSERT INTO EXECUTED_EXEC VALUES(512,5,TO_DATE('15.50','HH24.MI'),TO_DATE('16.00','HH24.MI'));
INSERT INTO EXECUTED_EXEC VALUES(511,1,TO_DATE('14.47','HH24.MI'),TO_DATE('15.08','HH24.MI'));
INSERT INTO EXECUTED_EXEC VALUES(510,6,TO_DATE('16.40','HH24.MI'),TO_DATE('17.01','HH24.MI'));
INSERT INTO EXECUTED_EXEC VALUES(509,7,TO_DATE('18.53','HH24.MI'),TO_DATE('19.21','HH24.MI'));
INSERT INTO EXECUTED_EXEC VALUES(508,8,TO_DATE('16.31','HH24.MI'),TO_DATE('16.43','HH24.MI'));
INSERT INTO EXECUTED_EXEC VALUES(507,9,TO_DATE('14.05','HH24.MI'),TO_DATE('14.23','HH24.MI'));
INSERT INTO EXECUTED_EXEC VALUES(506,10,TO_DATE('17.34','HH24.MI'),TO_DATE('18.00','HH24.MI'));
INSERT INTO EXECUTED_EXEC VALUES(505,11,TO_DATE('15.29','HH24.MI'),TO_DATE('15.37','HH24.MI'));
INSERT INTO EXECUTED_EXEC VALUES(504,12,TO_DATE('17.19','HH24.MI'),TO_DATE('17.30','HH24.MI'));
INSERT INTO EXECUTED_EXEC VALUES(503,13,TO_DATE('15.48','HH24.MI'),TO_DATE('16.20','HH24.MI'));
INSERT INTO EXECUTED_EXEC VALUES(502,14,TO_DATE('17.23','HH24.MI'),TO_DATE('17.56','HH24.MI'));
INSERT INTO EXECUTED_EXEC VALUES(501,15,TO_DATE('15.59','HH24.MI'),TO_DATE('16.26','HH24.MI'));

--WITNESS
INSERT INTO WITNESS VALUES('954368128','MEDIA','ASSOCIATED PRESS');
INSERT INTO WITNESS VALUES('439058712','MEDIA','THE HUNTSVILLE ITEM');
INSERT INTO WITNESS VALUES('546781209','MEDIA','SAN ANTONIO EXPRESS NEWS');
INSERT INTO WITNESS VALUES('543893990','OFFENDER FAM',NULL);
INSERT INTO WITNESS VALUES('553443567','VICTIM FAM',NULL);
INSERT INTO WITNESS VALUES('547972318','VICTIM FAM',NULL);
INSERT INTO WITNESS VALUES('658491294','MEDIA','KXLN UNIVISION IN HOUSTON');
INSERT INTO WITNESS VALUES('654120954','OFFENDER FAM',NULL);
INSERT INTO WITNESS VALUES('553245532','VICTIM FAM',NULL);
INSERT INTO WITNESS VALUES('549823059','MEDIA','WOAI-TV,SAN ANTONIO');
INSERT INTO WITNESS VALUES('857235938','MEDIA','KHOU-TV HOUSTON');
INSERT INTO WITNESS VALUES('654981034','OFFENDER FAM',NULL);
INSERT INTO WITNESS VALUES('342981209','VICTIM FAM',NULL);
INSERT INTO WITNESS VALUES('584923934','MEDIA','HOUSTON CRONICLE');
INSERT INTO WITNESS VALUES('854939489','MEDIA','SEMANA NEWS IN HOUSTON');

--IN_PRES_OF
INSERT INTO IN_PRES_OF VALUES(511,'954368128');
INSERT INTO IN_PRES_OF VALUES(511,'439058712');
INSERT INTO IN_PRES_OF VALUES(511,'546781209');
INSERT INTO IN_PRES_OF VALUES(511,'543893990');
INSERT INTO IN_PRES_OF VALUES(515,'954368128');
INSERT INTO IN_PRES_OF VALUES(515,'439058712');
INSERT INTO IN_PRES_OF VALUES(515,'553443567');
INSERT INTO IN_PRES_OF VALUES(515,'547972318');
INSERT INTO IN_PRES_OF VALUES(514,'954368128');
INSERT INTO IN_PRES_OF VALUES(514,'546781209');
INSERT INTO IN_PRES_OF VALUES(514,'658491294');
INSERT INTO IN_PRES_OF VALUES(514,'654120954');
INSERT INTO IN_PRES_OF VALUES(514,'553245532');
INSERT INTO IN_PRES_OF VALUES(513,'954368128');
INSERT INTO IN_PRES_OF VALUES(513,'439058712');
INSERT INTO IN_PRES_OF VALUES(513,'546781209');
INSERT INTO IN_PRES_OF VALUES(513,'549823059');
INSERT INTO IN_PRES_OF VALUES(512,'954368128');
INSERT INTO IN_PRES_OF VALUES(512,'439058712');
INSERT INTO IN_PRES_OF VALUES(510,'954368128');
INSERT INTO IN_PRES_OF VALUES(510,'439058712');
INSERT INTO IN_PRES_OF VALUES(510,'857235938');
INSERT INTO IN_PRES_OF VALUES(510,'654981034');
INSERT INTO IN_PRES_OF VALUES(510,'342981209');
INSERT INTO IN_PRES_OF VALUES(509,'954368128');
INSERT INTO IN_PRES_OF VALUES(509,'584923934');
INSERT INTO IN_PRES_OF VALUES(509,'854939489');